id,first_name,last_name,email,gender,ip_address
1,Christina,Ayris,cayris0@who.int,Female,121.63.230.103
2,Anatol,Trehearn,atrehearn1@soup.io,Male,20.188.16.96
3,Mortimer,Blare,mblare2@storify.com,Genderfluid,199.212.187.40
4,Meriel,Lias,mlias3@un.org,Female,199.48.224.29
5,Valdemar,Wassung,vwassung4@microsoft.com,Male,174.14.49.200
6,Tami,Burbage,tburbage5@sogou.com,Female,65.234.188.242
7,Jo,Heinle,jheinle6@nifty.com,Male,22.176.55.99
8,Alaine,Delhay,adelhay7@people.com.cn,Female,160.179.176.246
9,Penni,Breckenridge,pbreckenridge8@tripod.com,Polygender,155.106.216.99
10,Consalve,Gilbeart,cgilbeart9@studiopress.com,Male,149.28.9.245
11,Chiarra,Studde,cstuddea@de.vu,Female,95.251.227.140
12,Martha,Domotor,mdomotorb@ning.com,Female,99.192.137.255
13,Maxy,Denslow,mdenslowc@pcworld.com,Female,114.237.75.6
14,Mathe,Pluvier,mpluvierd@imageshack.us,Male,11.153.24.132
15,Shepperd,Danaher,sdanahere@sina.com.cn,Male,141.125.87.55
16,Ned,Bibb,nbibbf@liveinternet.ru,Male,62.161.253.21
17,Lorettalorna,Wilcox,lwilcoxg@reuters.com,Female,235.84.172.243
18,Tracy,Thurling,tthurlingh@buzzfeed.com,Female,45.9.130.228
19,Shell,Herety,sheretyi@yolasite.com,Female,216.177.174.232
20,Fayina,Flea,ffleaj@un.org,Female,5.5.121.177
21,Terrye,Tavernor,ttavernork@auda.org.au,Female,120.102.137.61
22,Anita,Bowcher,abowcherl@xing.com,Female,57.15.104.11
23,Constantin,Mumford,cmumfordm@webeden.co.uk,Male,240.150.28.32
24,Reynold,Elsby,relsbyn@multiply.com,Male,191.91.186.37
25,Clarinda,Mucklo,cmuckloo@home.pl,Female,170.36.203.103
26,Haskell,Schwandner,hschwandnerp@japanpost.jp,Male,113.150.190.87
27,Harri,Gauch,hgauchq@mtv.com,Female,36.170.211.145
28,Kellyann,Dodgshon,kdodgshonr@berkeley.edu,Female,255.133.74.196
29,Aubree,Busswell,abusswells@hhs.gov,Female,236.235.15.236
30,Ardisj,Dufer,adufert@omniture.com,Female,236.200.25.36
31,Sylas,Ouchterlony,souchterlonyu@house.gov,Agender,232.88.214.154
32,Maynard,Bannard,mbannardv@nps.gov,Polygender,243.232.38.34
33,Mycah,Narracott,mnarracottw@telegraph.co.uk,Male,167.209.21.138
34,Davine,Caghy,dcaghyx@booking.com,Female,182.46.156.41
35,Haley,Luck,hlucky@mozilla.com,Male,202.5.234.103
36,Sinclair,Lambert-Ciorwyn,slambertciorwynz@columbia.edu,Male,203.26.249.152
37,Jolynn,Syplus,jsyplus10@infoseek.co.jp,Female,240.175.171.166
38,Gerhard,Hourstan,ghourstan11@google.ca,Male,11.156.44.58
39,Silvester,Salleir,ssalleir12@dailymail.co.uk,Male,237.134.164.57
40,Henrieta,Spyby,hspyby13@163.com,Genderfluid,183.220.73.96
41,Brandy,Vanne,bvanne14@ucoz.com,Male,135.139.196.80
42,Stanwood,Kirtlan,skirtlan15@eventbrite.com,Male,27.101.82.146
43,Sigmund,Friday,sfriday16@sciencedirect.com,Male,132.31.232.114
44,Antonius,Airton,aairton17@a8.net,Male,51.136.99.105
45,Kalindi,Dingwall,kdingwall18@yolasite.com,Female,21.85.24.236
46,Tarrah,Beckmann,tbeckmann19@ibm.com,Female,251.125.223.143
47,Annabela,Sweetman,asweetman1a@de.vu,Female,221.106.41.142
48,Woodie,Richardsson,wrichardsson1b@a8.net,Male,60.18.126.62
49,Bevan,Firpo,bfirpo1c@theglobeandmail.com,Male,168.1.78.41
50,Toiboid,Garey,tgarey1d@etsy.com,Male,82.101.152.236
51,Suzette,Loxton,sloxton1e@ucoz.ru,Female,15.101.217.82
52,Jacky,Scurrey,jscurrey1f@theatlantic.com,Male,145.149.240.37
53,Emmalyn,Gittoes,egittoes1g@newyorker.com,Female,183.148.63.246
54,Maureene,Bramont,mbramont1h@usda.gov,Female,84.137.41.56
55,Gregorio,Drinnan,gdrinnan1i@tinyurl.com,Male,2.86.109.127
56,Lalo,Flipsen,lflipsen1j@imageshack.us,Male,170.57.108.219
57,Reinhard,Bernadon,rbernadon1k@dyndns.org,Male,216.195.9.120
58,Sherye,Volkes,svolkes1l@hao123.com,Female,12.245.135.201
59,Cosette,Pletts,cpletts1m@omniture.com,Genderfluid,102.121.159.122
60,Norine,Slatford,nslatford1n@shop-pro.jp,Female,81.54.135.170
61,Ody,Stannering,ostannering1o@nps.gov,Male,182.147.87.148
62,Debee,Gipp,dgipp1p@xrea.com,Female,62.180.62.220
63,Von,Cusworth,vcusworth1q@salon.com,Male,57.220.168.40
64,Lydie,Musgrave,lmusgrave1r@businesswire.com,Genderqueer,77.99.198.101
65,Hy,Alenichev,halenichev1s@gizmodo.com,Male,147.32.153.118
66,Sunshine,Skade,sskade1t@google.com.au,Female,160.4.65.102
67,Niles,Gunda,ngunda1u@sun.com,Male,156.190.235.109
68,Case,Edington,cedington1v@pagesperso-orange.fr,Male,149.134.207.81
69,Guthry,Rundle,grundle1w@cornell.edu,Male,35.228.165.23
70,Britt,Awin,bawin1x@cdc.gov,Male,138.38.178.169
71,Tom,Crimin,tcrimin1y@seattletimes.com,Male,213.217.216.199
72,Uri,Tellenbach,utellenbach1z@arstechnica.com,Male,184.239.204.143
73,Sharla,Eaken,seaken20@geocities.com,Female,234.71.50.165
74,Layla,Carberry,lcarberry21@samsung.com,Female,24.16.190.88
75,Scott,Berthon,sberthon22@stumbleupon.com,Male,57.135.159.54
76,Shir,Melloy,smelloy23@pen.io,Female,19.253.54.73
77,Hertha,Menichelli,hmenichelli24@squarespace.com,Female,48.246.201.192
78,Georgi,Scranedge,gscranedge25@people.com.cn,Male,197.236.201.126
79,Lonni,McConnulty,lmcconnulty26@cocolog-nifty.com,Female,233.160.15.156
80,Horatius,Bourges,hbourges27@squarespace.com,Male,160.16.42.255
81,Berenice,O'Hanlon,bohanlon28@nature.com,Female,55.140.244.74
82,Paolina,Townson,ptownson29@latimes.com,Female,208.201.144.187
83,Herbert,Borrell,hborrell2a@barnesandnoble.com,Male,130.40.20.186
84,Lura,Antyukhin,lantyukhin2b@cisco.com,Female,187.160.123.70
85,Oswell,Itzcovichch,oitzcovichch2c@cnn.com,Male,250.120.218.170
86,Kial,Couthard,kcouthard2d@bloomberg.com,Female,9.117.76.185
87,Cassie,Regus,cregus2e@cdc.gov,Female,169.3.116.75
88,Tuck,Sieur,tsieur2f@harvard.edu,Male,102.132.74.180
89,Doti,Penna,dpenna2g@sakura.ne.jp,Polygender,76.214.219.221
90,Nikolia,Leynton,nleynton2h@diigo.com,Female,133.138.215.14
91,Homere,Duncanson,hduncanson2i@europa.eu,Male,190.130.150.79
92,Kerwinn,Urion,kurion2j@google.com.hk,Male,33.141.184.9
93,Shayna,Wicks,swicks2k@imageshack.us,Female,11.133.20.195
94,Roy,Burds,rburds2l@miitbeian.gov.cn,Male,4.185.171.45
95,Merill,Krzyzaniak,mkrzyzaniak2m@sakura.ne.jp,Male,233.117.149.46
96,Griz,Bowcher,gbowcher2n@github.io,Male,63.128.235.23
97,Ned,Tomaszkiewicz,ntomaszkiewicz2o@so-net.ne.jp,Male,83.22.140.97
98,Kelcie,Smouten,ksmouten2p@fastcompany.com,Female,24.207.103.151
99,Mile,Wipper,mwipper2q@wiley.com,Male,113.46.189.43
100,Cam,Featherstonhaugh,cfeatherstonhaugh2r@cargocollective.com,Female,244.183.78.57